quote,author,source_url
So I got curious. Then obsessed.,Arav Soni,https://soniboy30.substack.com/p/why-i-started-investing-in-high-school
"If I can’t explain it simply, I don’t actually get it yet.",Arav Soni,https://soniboy30.substack.com/p/why-i-started-investing-in-high-school
But also? Nobody’s stopping me.,Arav Soni,https://soniboy30.substack.com/p/why-i-started-investing-in-high-school
"Who loses the most,losers or winners? Winners. Because they keep on going",Robert Duggan,https://www.youtube.com/watch?v=drQJDdKgdu8
"Losers stop at the loss. That's it.",Robert Duggan,https://www.youtube.com/watch?v=drQJDdKgdu8
"Veni, Vidi, Vici",Julius Caesar,
"Rule No. 1: Never lose money. Rule No. 2: Never forget rule No. 1.", Warren Buffet, 
"When something is important enough, you do it even if the odds are not in your favor.",Elon Musk, 
"I step on the gas when everyone else is taking their foot off.",Alex Hormozi,
"Obsession beats talent every time.",Adam Sandler,
"Fortes fortuna adiuvat.",Virgil,
